<?xml version="1.0" encoding="UTF-8" standalone="yes"?>
<addon id="resource.uisounds.solid" name="Solid UI Sounds" version="2.0" provider-name="SolidBuildKodi">
  <requires>
    <import addon="kodi.resource" version="1.0.0"/>
  </requires>
  <extension point="kodi.resource.uisounds"/>
  <extension point="kodi.addon.metadata">
    <language>en</language>
	<platform>all</platform>
    <summary>Solid UI Sounds</summary>
    <description></description>
    <disclaimer>UI Sounds to go along with the Solid Build</disclaimer>
  </extension>
</addon>