<sounds>
  <actions>
    <action>
        <name>Select</name>
        <file>select.wav</file>
    </action>
    <action>
        <name>ParentDir</name>
        <file>back.wav</file>
    </action>
    <action>
        <name>PreviousMenu</name>
        <file>back.wav</file>
    </action>
	<action>
        <name>Back</name>
        <file>back.wav</file>
    </action>
    <action>
        <name>screenshot</name>
        <file>shutter.wav</file>
    </action>
  </actions>

  <windows>
    <window>
        <name>infodialog</name>
        <!--<activate>notify.wav</activate>-->
    </window>
	<!--<window>
        <name>busydialog</name>
        <activate>waiting.wav</activate>
    </window>-->
	<window>
        <name>yesnodialog</name>
        <activate>popup.wav</activate>
    </window>
	<window>
        <name>okdialog</name>
        <activate>popup.wav</activate>
    </window>
	<window>
        <name>selectdialog</name>
        <activate>popup.wav</activate>
    </window>
	<window>
        <name>virtualkeyboard</name>
        <activate>popup.wav</activate>
    </window>
	<window>
        <name>numericinput</name>
        <activate>popup.wav</activate>
    </window>
	<window>
        <name>shutdownmenu</name>
        <activate>popup.wav</activate>
    </window>
    <window>
      <name>infodialog</name>
      <activate>notify.wav</activate>
      <deactivate>out.wav</deactivate>
    </window>
	<window>
	  <name>startup</name>
	  <activate>startup.wav</activate>
	</window>
  </windows>
</sounds>
