<?xml version="1.0" encoding="UTF-8" standalone="yes"?>
<addon id="repository.solidbuild" name="Solid Build repository" version="1.0.1" provider-name="Solid">
	<extension point="xbmc.addon.repository" name="Solid Build repository">
	<dir>
		<info compressed="false">http://djstymie.steropes.feralhosting.com/kodi/repo-solid/addons.xml</info>
		<checksum>http://djstymie.steropes.feralhosting.com/kodi/repo-solid/addons.xml.md5</checksum>
		<datadir zip="true">http://djstymie.steropes.feralhosting.com/kodi/repo-solid/zips/</datadir>
	</dir>
	</extension>
	<extension point="xbmc.addon.metadata">
		<summary lang="en">Solid Build repository</summary>
		<description lang="en">Solid Build repository</description>
		<platform>all</platform>
		<forum></forum>
		<website></website>
	</extension>
</addon>