<?xml version="1.0" encoding="UTF-8" standalone="yes"?>
<addon id="plugin.program.SolidUpdater" name="Solid Updater" version="2017.02.20" BAWversion="2017.02.20" provider-name="SolidBuildKodi">
  <requires>
    <import addon="xbmc.python" version="2.1.0"/>
	<import addon="script.module.addon.common" />
  </requires>
  <extension point="xbmc.python.pluginsource" library="default.py">
        <provides>executable</provides>
  </extension>
  <extension point="xbmc.addon.metadata">
    <summary lang="en"></summary>
    <description lang="en">SolidBuildKodi's Wizard</description>
    <platform>all</platform>
  </extension>
</addon>
