<?xml version="1.0" encoding="UTF-8" standalone="yes"?>
<addon id="script.retropie" name="RetroPie" version="1.0.0" provider-name="Smithers">
	<requires>
		<import addon="xbmc.python" version="2.14.0"/>
	</requires>
	<extension point="xbmc.python.script" library="addon.py">
		<provides>executable</provides>
	</extension>
	<extension point="xbmc.addon.metadata">
		<platform>all</platform>
		<summary lang="en">RetroPie</summary>
		<description lang="en">Addon that launches RetroPie in a Dual-Boot setup</description>
		<license>GNU General Public License, v2</license>
		<language></language>
		<forum>wwww.multibootpi.com</forum>
		<source></source>
		<email></email>
	</extension>
</addon>
